{"cameraMode":{"drawMode":0,"name":"Shaded","section":"Shading Mode"},"sceneLighting":false,"audioPlay":false,"sceneViewState":{"showFog":false,"showMaterialUpdate":false,"showSkybox":false,"showFlares":false,"showImageEffects":false,"showParticleSystems":false},"in2DMode":false,"pivot":{"x":-5.239999771118164,"y":2.2100000381469728,"z":-0.8100000023841858},"rotation":{"x":0.28887683153152468,"y":0.18517835438251496,"z":-0.057051725685596469,"w":0.937552273273468},"size":0.2857886850833893,"orthographic":false}