{"cameraMode":{"drawMode":0,"name":"Shaded","section":"Shading Mode"},"sceneLighting":false,"audioPlay":false,"sceneViewState":{"showFog":false,"showMaterialUpdate":false,"showSkybox":false,"showFlares":false,"showImageEffects":false,"showParticleSystems":false},"in2DMode":false,"pivot":{"x":8.960000038146973,"y":20.559999465942384,"z":-15.869998931884766},"rotation":{"x":0.40309005975723269,"y":0.09717650711536408,"z":-0.043088752776384357,"w":0.9089657068252564},"size":2.0208284854888918,"orthographic":false}