{"cameraMode":{"drawMode":0,"name":"Shaded","section":"Shading Mode"},"sceneLighting":true,"audioPlay":false,"sceneViewState":{"showFog":false,"showMaterialUpdate":false,"showSkybox":false,"showFlares":false,"showImageEffects":false,"showParticleSystems":false},"in2DMode":false,"pivot":{"x":4.271226406097412,"y":-7.2471723556518559,"z":10.366228103637696},"rotation":{"x":0.3306129574775696,"y":0.32569926977157595,"z":-0.12274358421564102,"w":0.877239465713501},"size":28.12864875793457,"orthographic":false}