{"cameraMode":{"drawMode":0,"name":"Shaded","section":"Shading Mode"},"sceneLighting":false,"audioPlay":false,"sceneViewState":{"showFog":false,"showMaterialUpdate":false,"showSkybox":false,"showFlares":false,"showImageEffects":false,"showParticleSystems":false},"in2DMode":false,"pivot":{"x":-3.093626022338867,"y":0.36461591720581057,"z":-0.4243049621582031},"rotation":{"x":-0.33863529562950137,"y":-0.11756197363138199,"z":0.042689017951488498,"w":-0.9325679540634155},"size":11.460573196411133,"orthographic":false}