{"cameraMode":{"drawMode":0,"name":"Shaded","section":"Shading Mode"},"sceneLighting":false,"audioPlay":false,"sceneViewState":{"showFog":false,"showMaterialUpdate":false,"showSkybox":false,"showFlares":false,"showImageEffects":false,"showParticleSystems":false},"in2DMode":false,"pivot":{"x":-14.819999694824219,"y":20.382999420166017,"z":-22.459999084472658},"rotation":{"x":0.40309005975723269,"y":0.09717650711536408,"z":-0.043088752776384357,"w":0.9089657068252564},"size":2.308295726776123,"orthographic":false}