{"cameraMode":{"drawMode":0,"name":"Shaded","section":"Shading Mode"},"sceneLighting":false,"audioPlay":false,"sceneViewState":{"showFog":false,"showMaterialUpdate":false,"showSkybox":false,"showFlares":false,"showImageEffects":false,"showParticleSystems":false},"in2DMode":false,"pivot":{"x":-8.260000228881836,"y":20.559999465942384,"z":-15.34000015258789},"rotation":{"x":0.40309005975723269,"y":0.09717650711536408,"z":-0.043088752776384357,"w":0.9089657068252564},"size":2.020829200744629,"orthographic":false}